Source,Target,Type,Label,timeset,Weight
1277753665755975681,43023158,Directed,0,,1
1277753093191581696,11160692,Directed,1,,1
1277753085348241408,17229791,Directed,2,,1
1277752768510427144,2669958089,Directed,3,,1
1277752768510427144,1267925527605755905,Directed,4,,1
1277752470249365505,123891446,Directed,5,,1
1277752470249365505,37717107,Directed,6,,1
1277751099546574851,809124436880322561,Directed,7,,1
1277751099546574851,727130698021261313,Directed,8,,1
1277750224451182596,1138847289978626049,Directed,9,,1
1277748549929897985,809124436880322561,Directed,10,,1
1277748337945522178,59342205,Directed,11,,1
1277748337945522178,758264276,Directed,12,,1
1277748337945522178,919972230217584641,Directed,13,,1
1277748261047197697,1271494270608908289,Directed,14,,1
1277748261047197697,36645711,Directed,15,,1
1277748054469120000,2374427275,Directed,16,,1
1277748054469120000,153130919,Directed,17,,1
1277748054469120000,228953890,Directed,18,,1
1277748054469120000,57241850,Directed,19,,1
1277748054469120000,551101521,Directed,20,,1
1277748054469120000,14499829,Directed,21,,1
1277748054469120000,27013292,Directed,22,,1
1277746508759261190,240217004,Directed,23,,1
1277746016528326656,992063308139319296,Directed,24,,1
1277745910232088580,1263476798047879168,Directed,25,,1
1277745910232088580,1254141493780066305,Directed,26,,1
1277745851268567041,809124436880322561,Directed,27,,1
1277745565665804295,1142582386510770177,Directed,28,,1
1277745565665804295,41280003,Directed,29,,1
1277743937713733633,1309177799958245380,Directed,30,,1
1277743937713733633,95904965,Directed,31,,1
1277743341216714752,123891446,Directed,32,,1
1277743341216714752,37717107,Directed,33,,1
1277743276905422849,912492779669999616,Directed,34,,1
1277743276905422849,4436312968,Directed,35,,1
1277743276905422849,994303120376303616,Directed,36,,1
1277742679925968896,1262002336307777536,Directed,37,,1
1277742679925968896,1087259768,Directed,38,,1
1277741422322606087,86902907,Directed,39,,1
1277740681486839808,3215286725,Directed,40,,1
1277740353936859138,64706049,Directed,41,,1
1277740135963144192,74577706,Directed,42,,1
1277740135963144192,328240534,Directed,43,,1
1277740135963144192,50456603,Directed,44,,1
1277740135963144192,68712576,Directed,45,,1
1277739722434019329,29797128,Directed,46,,1
1277739490744897536,1138847289978626049,Directed,47,,1
1277738930515951622,74801757,Directed,48,,1
1277738890858766336,36645711,Directed,49,,1
1277738766208323596,33884545,Directed,50,,1
1277738691780390912,32101740,Directed,51,,1
1277737737039351815,1040704983358955526,Directed,52,,1
1277737480075325446,5111415753049087311,Directed,53,,1
1277737095113641984,32101740,Directed,54,,1
1277736836421562370,1138847289978626049,Directed,55,,1
1277736836421562370,1254674131,Directed,56,,1
1277736361752059906,53232912,Directed,57,,1
1277735973875601413,994266261306597376,Directed,58,,1
1277734112560926720,43023158,Directed,59,,1
1277734048618754051,1102674446639423494,Directed,60,,1
1277734048618754051,68206342,Directed,61,,1
1277734048618754051,909801662482669568,Directed,62,,1
1277733971053461507,1254941533360607232,Directed,63,,1
1277733971053461507,4652693799,Directed,64,,1
1277732997685444608,2670726740,Directed,65,,1
1277732851446775808,4215239055,Directed,66,,1
1277731667633995778,43023158,Directed,67,,1
1277731560238743552,32101740,Directed,68,,1
1277730003824906247,913144237260197894,Directed,69,,1
1277729227303989250,32101740,Directed,70,,1
1277726522728644608,64706049,Directed,71,,1
1277725062972485632,32101740,Directed,72,,1
1277723828773322756,73745956,Directed,73,,1
1277723180447289344,1190332830154407938,Directed,74,,1
1277722422280622081,1147658440845795330,Directed,75,,1
1277722422280622081,1106337804643168258,Directed,76,,1
1277722214620684289,2804949532,Directed,77,,1
1277721819278184450,5635572,Directed,78,,1
1277721819278184450,535707261,Directed,79,,1
1277720506330996742,58048133,Directed,80,,1
1277719487454810115,32101740,Directed,81,,1
1277719440969342978,128636277,Directed,82,,1
1277719061107965953,128372940,Directed,83,,1
1277719061107965953,37717107,Directed,84,,1
1277719061107965953,523331076,Directed,85,,1
1277719025989095424,1262944997118181385,Directed,86,,1
1277718119088340993,37717107,Directed,87,,1
1277717014929387522,56218286,Directed,88,,1
1277717014929387522,496180224,Directed,89,,1
1277717014929387522,4774835619,Directed,90,,1
1277717014929387522,8802752,Directed,91,,1
1277716284172615685,68712576,Directed,92,,1
1277716284172615685,975127727501185025,Directed,93,,1
1277716235908722688,51906585,Directed,94,,1
1277716235908722688,52722451,Directed,95,,1
1277715680222208000,1143946055660265472,Directed,96,,1
1277715680222208000,1062049005977382913,Directed,97,,1
1277715680222208000,1067743649151283200,Directed,98,,1
1277715680222208000,3137545822,Directed,99,,1
1277715680222208000,1935935772,Directed,100,,1
1277715680222208000,868177113278545921,Directed,101,,1
1277715680222208000,1068267370379177984,Directed,102,,1
1277715680222208000,889245630463438850,Directed,103,,1
1277715680222208000,6042945641387458149,Directed,104,,1
1277715680222208000,1155129640048123906,Directed,105,,1
1277715680222208000,725723955949113345,Directed,106,,1
1277715680222208000,1109441961268781056,Directed,107,,1
1277715680222208000,1063903322632003584,Directed,108,,1
1277715680222208000,1230864927541342212,Directed,109,,1
1277715680222208000,1045192364908851206,Directed,110,,1
1277715680222208000,1146580958042304513,Directed,111,,1
1277715680222208000,807989037277519872,Directed,112,,1
1277715680222208000,1088164318758215687,Directed,113,,1
1277715276046401543,64706049,Directed,114,,1
1277714882696282114,32101740,Directed,115,,1
1277714003465252866,32101740,Directed,116,,1
1277713938810048513,32101740,Directed,117,,1
1277712784374013954,1180935702,Directed,118,,1
1277712780813008898,32101740,Directed,119,,1
1277712751436140544,1254941533360607232,Directed,120,,1
1277712751436140544,3577017087,Directed,121,,1
1277712514827067394,1138847289978626049,Directed,122,,1
1277710585589874688,106425301,Directed,123,,1
1277710469369860098,32101740,Directed,124,,1
1277708586643337217,32101740,Directed,125,,1
1277708449091129346,128372940,Directed,126,,1
1277708449091129346,37717107,Directed,127,,1
1277708421786148865,2980524357,Directed,128,,1
1277708421786148865,75264300,Directed,129,,1
1277708412378324996,43023158,Directed,130,,1
1277708151232626688,460614327,Directed,131,,1
1277708151232626688,1180935702,Directed,132,,1
1277707383272361991,128372940,Directed,133,,1
1277707383272361991,37717107,Directed,134,,1
1277705308341710848,43023158,Directed,135,,1
1277705187390603266,145992645,Directed,136,,1
1277705062710751232,1196213618368487428,Directed,137,,1
1277705062710751232,852571421289177094,Directed,138,,1
1277704239637319688,1277718119088340993,Directed,139,,1
1277704239637319688,270492107,Directed,140,,1
1277703715504472064,32101740,Directed,141,,1
1277703439145938944,2980524357,Directed,142,,1
1277703182609715201,1138847289978626049,Directed,143,,1
1277701344388878338,43023158,Directed,144,,1
1277699124817731585,39931528,Directed,145,,1
1277699124817731585,1319636844821217280,Directed,146,,1
1277699124817731585,18048666,Directed,147,,1
1277698675578474497,395388847,Directed,148,,1
1277698509362380802,1071182249566134272,Directed,149,,1
1277698509362380802,29089003,Directed,150,,1
1277698495139454988,2722573234,Directed,151,,1
1277698495139454988,1066144755493543936,Directed,152,,1
1277698340667490304,3332947457,Directed,153,,1
1277697939574587397,74722174,Directed,154,,1
1277696919813279745,1233118674053193728,Directed,155,,1
1277696919813279745,4774985296,Directed,156,,1
1277696460918870016,1125183523038683136,Directed,157,,1
1277696460918870016,33884545,Directed,158,,1
1277696288222580736,1264244966898966528,Directed,159,,1
1277696288222580736,1018000788105367552,Directed,160,,1
1277695804728324097,325139337,Directed,161,,1
1277695804728324097,861707648584085504,Directed,162,,1
1277695716648005633,95904965,Directed,163,,1
1277695716648005633,287670493,Directed,164,,1
1277695716648005633,2325466279,Directed,165,,1
1277695353278652417,949138713795223552,Directed,166,,1
1277691802393468937,32101740,Directed,167,,1
1277691596042100736,2828769007,Directed,168,,1
1277691596042100736,1214660049324384256,Directed,169,,1
1277691596042100736,633098103,Directed,170,,1
1277691348418727942,1222673964419485696,Directed,171,,1
1277690171463532544,1538067019,Directed,172,,1
1277690171463532544,100293359,Directed,173,,1
1277690171463532544,56466263,Directed,174,,1
1277690115188539393,74801757,Directed,175,,1
1277689661092225025,15249841,Directed,176,,1
1277688452696375300,32101740,Directed,177,,1
1277687988089229312,727130698021261313,Directed,178,,1
1277687458247868418,128372940,Directed,179,,1
1277687458247868418,37717107,Directed,180,,1
1277686949306925057,1277371078663385091,Directed,181,,1
1277685352422166534,1349535655244738560,Directed,182,,1
1277685332281044992,32101740,Directed,183,,1
1277684087952719872,2733693937879464563,Directed,184,,1
1277684087952719872,56157348,Directed,185,,1
1277681514482991106,43023158,Directed,186,,1
1277681055311560706,68712576,Directed,187,,1
1277680397468475397,1138847289978626049,Directed,188,,1
1277680065871036419,762003790409166848,Directed,189,,1
1277679231372341249,2804949532,Directed,190,,1
1277678234474348545,1214901395217960962,Directed,191,,1
1277678234474348545,45409867,Directed,192,,1
1277678234474348545,39033058,Directed,193,,1
1277678234474348545,33374761,Directed,194,,1
1277677878373646341,155674026,Directed,195,,1
1277677878373646341,14594698,Directed,196,,1
1277677878373646341,70799317,Directed,197,,1
1277677830462230530,244218738,Directed,198,,1
1277675822472663043,1893654696,Directed,199,,1
1277675822472663043,20736511,Directed,200,,1
1277675822472663043,395392468,Directed,201,,1
1277674993082675200,128372940,Directed,202,,1
1277674993082675200,37717107,Directed,203,,1
1277674703654735873,1116063720512327680,Directed,204,,1
1277674703654735873,2706969109,Directed,205,,1
1277674703654735873,2394855529,Directed,206,,1
1277674703654735873,525544225,Directed,207,,1
1277674703654735873,1066028847865479169,Directed,208,,1
1277674703654735873,1070754531384967168,Directed,209,,1
1277674703654735873,983814956058578945,Directed,210,,1
1277674703654735873,999292364119257088,Directed,211,,1
1277674703654735873,1190303403580239872,Directed,212,,1
1277674703654735873,1075746146436481024,Directed,213,,1
1277674217627140096,2784171498,Directed,214,,1
1277673297891778561,1240042574527836160,Directed,215,,1
1277673082086477824,299668738,Directed,216,,1
1277673082086477824,316273207,Directed,217,,1
1277670856580358154,973432726970920960,Directed,218,,1
1277670738112270337,41280003,Directed,219,,1
1277669976942444547,1134568469399658032,Directed,220,,1
1277669976942444547,726984146,Directed,221,,1
1277669879563288576,128636277,Directed,222,,1
1277669486963888129,975127727501185025,Directed,223,,1
1277669486963888129,37717107,Directed,224,,1
1277667319716687873,68712576,Directed,225,,1
1277667319716687873,135965118,Directed,226,,1
1277666808816951297,10228272,Directed,227,,1
1277664690475339783,2804949532,Directed,228,,1
1277663742793302017,56218286,Directed,229,,1
1277663742793302017,8802752,Directed,230,,1
1277663345492008962,2880932962,Directed,231,,1
1277661147454418945,566898520,Directed,232,,1
1277661147454418945,941630996,Directed,233,,1
1277661147454418945,2985060358428699081,Directed,234,,1
1277660545529917440,913144237260197894,Directed,235,,1
1277659053737590789,717874436,Directed,236,,1
1277658070827532294,451192624,Directed,237,,1
1277658070827532294,20629893,Directed,238,,1
1277657079239651329,14594813,Directed,239,,1
1277656746744516609,68712576,Directed,240,,1
1277656632869228544,30070288,Directed,241,,1
1277654211111669760,2291647847509770048,Directed,242,,1
1277654107617210368,36849552,Directed,243,,1
1277652956431757318,14594698,Directed,244,,1
1277652669306462208,2726301380,Directed,245,,1
1277652025703051266,27630383,Directed,246,,1
1277651897525174278,47251304,Directed,247,,1
1277651897525174278,1253747033309134855,Directed,248,,1
1277651658311438342,43023158,Directed,249,,1
1277651658311438342,128372940,Directed,250,,1
1277651658311438342,64706049,Directed,251,,1
1277650619176812547,925731786,Directed,252,,1
1277650619176812547,56194273,Directed,253,,1
1277650619176812547,4259543607,Directed,254,,1
1277649981449605120,1030508901823926272,Directed,255,,1
1277649981449605120,67596922,Directed,256,,1
1277648802166509568,1037152208754823168,Directed,257,,1
1277648802166509568,88110748,Directed,258,,1
1277648802166509568,727130698021261313,Directed,259,,1
1277648662353653761,319999429,Directed,260,,1
1277648662353653761,1096743322746609664,Directed,261,,1
1277648662353653761,2883433372,Directed,262,,1
1277648662353653761,50456603,Directed,263,,1
1277648662353653761,128372940,Directed,264,,1
1277648662353653761,37717107,Directed,265,,1
1277648226011807746,2880932962,Directed,266,,1
1277647840953741312,2880932962,Directed,267,,1
1277647137799618561,1138847289978626049,Directed,268,,1
1277646023721136129,15249841,Directed,269,,1
1277646023721136129,43023158,Directed,270,,1
1277643514952798211,1020798087449776128,Directed,271,,1
1277642674548457472,727130698021261313,Directed,272,,1
1277642124570353665,1190605863293247488,Directed,273,,1
1277642124570353665,128372940,Directed,274,,1
1277642124570353665,37717107,Directed,275,,1
1277641927274516481,1307442671141740544,Directed,276,,1
1277641927274516481,246471130,Directed,277,,1
1277641182756118529,128372940,Directed,278,,1
1277641182756118529,37717107,Directed,279,,1
1277639753576439809,114291510,Directed,280,,1
1277639296887992322,128372940,Directed,281,,1
1277639296887992322,37717107,Directed,282,,1
1277636602106466305,1052413178536189952,Directed,283,,1
1277636602106466305,128372940,Directed,284,,1
1277636602106466305,37717107,Directed,285,,1
1277636235922726912,68712576,Directed,286,,1
1277635994397945858,1138847289978626049,Directed,287,,1
1277635453567602689,68712576,Directed,288,,1
1277634896853417990,2880932962,Directed,289,,1
1277634896853417990,43023158,Directed,290,,1
1277634389934030848,16908790,Directed,291,,1
1277633718568521730,913144237260197894,Directed,292,,1
1277633316452208641,975149958109245446,Directed,293,,1
1277633316452208641,1135279668754563072,Directed,294,,1
1277633316452208641,1004082828999626754,Directed,295,,1
1277633278120538114,1223700512,Directed,296,,1
1277633278120538114,316273207,Directed,297,,1
1277632927443156996,77375764,Directed,298,,1
1277632927443156996,727130698021261313,Directed,299,,1
1277632927443156996,10228272,Directed,300,,1
1277632583732428800,1066144755493543936,Directed,301,,1
1277632291213316105,511843282,Directed,302,,1
1277632191565049856,68712576,Directed,303,,1
1277631645215055873,43023158,Directed,304,,1
1277630974596198400,1020798087449776128,Directed,305,,1
1277630678528557057,287670493,Directed,306,,1
1277630678528557057,8673675225913560504,Directed,307,,1
1277630678528557057,1309177799958245380,Directed,308,,1
1277630516351680512,4802647035,Directed,309,,1
1277630516351680512,1066144755493543936,Directed,310,,1
1277630322532892672,1160598783148875776,Directed,311,,1
1277630322532892672,2382157448,Directed,312,,1
1277630322532892672,128372940,Directed,313,,1
1277630322532892672,37717107,Directed,314,,1
1277627929405657090,84613584,Directed,315,,1
1277627929405657090,1459930165,Directed,316,,1
1277625791224918016,1093929745669152768,Directed,317,,1
1277625791224918016,716715471148552193,Directed,318,,1
1277624634234544129,248279887,Directed,319,,1
1277624634234544129,68712576,Directed,320,,1
1277623699366125575,1138847289978626049,Directed,321,,1
1277623611982036995,1523748277,Directed,322,,1
1277621602864304128,998429277770174466,Directed,323,,1
1277621422379208704,1706079007,Directed,324,,1
1277621285082869760,1276815192270286848,Directed,325,,1
1277621285082869760,1138847289978626049,Directed,326,,1
1277621189360472065,1138847289978626049,Directed,327,,1
1277620420619972608,193441509,Directed,328,,1
1277620125743697923,2382157448,Directed,329,,1
1277620125743697923,128372940,Directed,330,,1
1277620125743697923,37717107,Directed,331,,1
1277619909636304902,105155795,Directed,332,,1
1277619251558387712,26004024,Directed,333,,1
1277618372381900800,64706049,Directed,334,,1
1277617474729644032,1233118674053193728,Directed,335,,1
1277617066669936641,64706049,Directed,336,,1
1277616783265062913,1018132657799073792,Directed,337,,1
1277616783265062913,128372940,Directed,338,,1
1277616783265062913,37717107,Directed,339,,1
1277616070271152129,9317502,Directed,340,,1
1277615794701115394,3154020707,Directed,341,,1
1277614321376378882,1066144755493543936,Directed,342,,1
1277612733781983232,2810923151,Directed,343,,1
1277612733781983232,1077975469788667905,Directed,344,,1
1277612364095987712,948546628692205568,Directed,345,,1
1277612204611813379,2980524357,Directed,346,,1
1277612204611813379,1239994230988300288,Directed,347,,1
1277611198142386177,128372940,Directed,348,,1
1277611198142386177,3436757193,Directed,349,,1
1277611198142386177,37717107,Directed,350,,1
1277610152674439173,343568390,Directed,351,,1
1277609528167628804,374804119,Directed,352,,1
1277609528167628804,727130698021261313,Directed,353,,1
1277609360492056578,128372940,Directed,354,,1
1277609360492056578,37717107,Directed,355,,1
1277609320402898944,1138847289978626049,Directed,356,,1
1277609293114638336,9317502,Directed,357,,1
1277609293114638336,14594813,Directed,358,,1
1277609293114638336,18219976,Directed,359,,1
1277609293114638336,70799317,Directed,360,,1
1277608573703503873,68712576,Directed,361,,1
1277608556846514176,1106337804643168258,Directed,362,,1
1277608556846514176,1873286622,Directed,363,,1
1277608385354088448,28835127,Directed,364,,1
1277608385354088448,4502617920663710154,Directed,365,,1
1277608385354088448,128372940,Directed,366,,1
1277608013227057152,128372940,Directed,367,,1
1277608013227057152,37717107,Directed,368,,1
1277607717490876417,128372940,Directed,369,,1
1277607717490876417,37717107,Directed,370,,1
1277607327462547466,265666419,Directed,371,,1
1277606176486764546,195474607,Directed,372,,1
1277605850404868096,151984352,Directed,373,,1
1277605850404868096,347315965,Directed,374,,1
1277604068844806146,128372940,Directed,375,,1
1277604068844806146,37717107,Directed,376,,1
1277603649913606145,128372940,Directed,377,,1
1277603649913606145,37717107,Directed,378,,1
1277603419935703042,126243226,Directed,379,,1
1277603013998383106,1238460604270116864,Directed,380,,1
1277603013998383106,2564080395,Directed,381,,1
1277602240740630533,30070288,Directed,382,,1
1277602240740630533,727130698021261313,Directed,383,,1
1277602062646284289,2670726740,Directed,384,,1
1277601315305201666,2980524357,Directed,385,,1
1277600251487162368,2980524357,Directed,386,,1
1277599825631023105,1162825835507793921,Directed,387,,1
1277599825631023105,1020798087449776128,Directed,388,,1
1277597088658984961,1135764612215902208,Directed,389,,1
1277597088658984961,341956300,Directed,390,,1
1277597088658984961,100293359,Directed,391,,1
1277594853459800064,1066144755493543936,Directed,392,,1
1277594639994884096,2519096788,Directed,393,,1
1277594639994884096,8802752,Directed,394,,1
1277593801503264768,809124436880322561,Directed,395,,1
1277592762125254656,703277731782463488,Directed,396,,1
1277592762125254656,845530711,Directed,397,,1
1277589046030721024,82208601,Directed,398,,1
1277589046030721024,128372940,Directed,399,,1
1277588703368675329,68712576,Directed,400,,1
1277587349661245440,976279052955934721,Directed,401,,1
1277587349661245440,1248628200952827910,Directed,402,,1
1277587349661245440,128372940,Directed,403,,1
1277587188948107265,64706049,Directed,404,,1
1277586238745325568,1242846683962245127,Directed,405,,1
1277585416925954048,1055222166491463681,Directed,406,,1
1277585416925954048,1202646190648639499,Directed,407,,1
1277584451262992384,128372940,Directed,408,,1
1277582950314528769,70799317,Directed,409,,1
1277581477941850112,1054727550113640448,Directed,410,,1
1277580255373467657,14594698,Directed,411,,1
1277577008713805826,1277651897525174278,Directed,412,,1
1277577008713805826,52722451,Directed,413,,1
1277577008713805826,793643737,Directed,414,,1
1277574366465843202,2980524357,Directed,415,,1
1277574366465843202,21363569,Directed,416,,1
1277571014482972677,2716763753,Directed,417,,1
1277571014482972677,40095953,Directed,418,,1
1277570890662924289,3314481404,Directed,419,,1
1277570890662924289,727130698021261313,Directed,420,,1
1277570609011142662,32101740,Directed,421,,1
1277570321357459458,94451423,Directed,422,,1
1277569393908736000,76049312,Directed,423,,1
1277569252652978181,1045192364908851206,Directed,424,,1
1277569252652978181,2848434477,Directed,425,,1
1277568648115376130,32101740,Directed,426,,1
1277566835127472134,714205402746003457,Directed,427,,1
1277566835127472134,6393049814828081760,Directed,428,,1
1277565375715016704,1253829843768217600,Directed,429,,1
1277565375715016704,82208601,Directed,430,,1
1277565375715016704,128372940,Directed,431,,1
1277563583367467009,42300711,Directed,432,,1
1277563583367467009,240304094,Directed,433,,1
1277563583367467009,1262944997118181385,Directed,434,,1
1277559107323678721,88110748,Directed,435,,1
1277559107323678721,1037152208754823168,Directed,436,,1
1277559103712309249,1267925527605755905,Directed,437,,1
1277559103712309249,342403919,Directed,438,,1
1277559103712309249,894281995689349120,Directed,439,,1
1277559024284729344,1037152208754823168,Directed,440,,1
1277559024284729344,88110748,Directed,441,,1
1277558947646451712,1134568469399658032,Directed,442,,1
1277558025130250241,1213876635331465216,Directed,443,,1
1277556615521218568,17715048,Directed,444,,1
1277556203711795202,14434407,Directed,445,,1
1277556203711795202,54589069,Directed,446,,1
1277556144932892674,33520195,Directed,447,,1
1277556144932892674,1261322113597739008,Directed,448,,1
1277553125755322368,76049312,Directed,449,,1
1277549990710259712,22219885,Directed,450,,1
1277547672166072320,55916313,Directed,451,,1
1277547672166072320,82208601,Directed,452,,1
1277547672166072320,128372940,Directed,453,,1
1277547672166072320,807095,Directed,454,,1
1277546506430676993,13769472,Directed,455,,1
1277546506430676993,1910459971,Directed,456,,1
1277537239938093056,1218707751364448256,Directed,457,,1
1277529015511855104,727130698021261313,Directed,458,,1
1277529015511855104,10228272,Directed,459,,1
1277526527421435907,815992513400107008,Directed,460,,1
1277526527421435907,29274419,Directed,461,,1
1277526403483938816,94451423,Directed,462,,1
1277516880773877767,2771906706,Directed,463,,1
1277516880773877767,809124436880322561,Directed,464,,1
1277516068567859200,37723058,Directed,465,,1
1277511671313989632,33520195,Directed,466,,1
1277511671313989632,727130698021261313,Directed,467,,1
1277507090760765441,1066144755493543936,Directed,468,,1
1277504721608232960,3060235071,Directed,469,,1
1277501791865671680,37717107,Directed,470,,1
1277492218455101440,85745429,Directed,471,,1
1277477141278527489,1241526966639120385,Directed,472,,1
1277477100778336256,222316846047302721,Directed,473,,1
1277477100778336256,495115374,Directed,474,,1
1277477100778336256,33989170,Directed,475,,1
1277473978005762049,42300711,Directed,476,,1
1277473768542273539,63098042,Directed,477,,1
1277473768542273539,357030742,Directed,478,,1
1277473768542273539,2804949532,Directed,479,,1
1277470184811433991,1240099267236302848,Directed,480,,1
1277470184811433991,341956300,Directed,481,,1
1277467890611040258,45870897,Directed,482,,1
1277466992048472068,54341363,Directed,483,,1
1277463903681818624,73235181,Directed,484,,1
1277463903681818624,3060235071,Directed,485,,1
1277459473951383553,261360335,Directed,486,,1
1277459473951383553,1062228906151800832,Directed,487,,1
1277453808017104901,1114001391540822017,Directed,488,,1
1277453127579549697,1066144755493543936,Directed,489,,1
1277453127579549697,3336972946,Directed,490,,1
1277453127579549697,128372940,Directed,491,,1
1277451695715495936,1082361982966149120,Directed,492,,1
1277451695715495936,740882656603320320,Directed,493,,1
1277451695715495936,151922663,Directed,494,,1
1277451695715495936,397546706,Directed,495,,1
1277451695715495936,631580827,Directed,496,,1
1277451695715495936,77653794,Directed,497,,1
1277451695715495936,137908875,Directed,498,,1
1277451695715495936,62154340,Directed,499,,1
1277451695715495936,142849205,Directed,500,,1
1277451695715495936,1242471700257595403,Directed,501,,1
1277451695715495936,27013292,Directed,502,,1
1277451695715495936,1915490112051760816,Directed,503,,1
1277451695715495936,138471254,Directed,504,,1
1277451695715495936,607598099,Directed,505,,1
1277451695715495936,14499829,Directed,506,,1
1277451695715495936,208120290,Directed,507,,1
1277451695715495936,253315622,Directed,508,,1
1277451695715495936,27570569,Directed,509,,1
1277451695715495936,726078728351191040,Directed,510,,1
1277451695715495936,1180935702,Directed,511,,1
1277450299486146561,52722451,Directed,512,,1
1277447729711644673,42300711,Directed,513,,1
1277447729711644673,960332830030094336,Directed,514,,1
1277443215273181184,52722451,Directed,515,,1
1277442087382855681,1158389772920020993,Directed,516,,1
1277441275306872832,751471278968758272,Directed,517,,1
1277437026485383169,727130698021261313,Directed,518,,1
1277437026485383169,10228272,Directed,519,,1
1277435620139376640,39326635,Directed,520,,1
1277432885679661057,1066144755493543936,Directed,521,,1
1277432387379617795,179098354,Directed,522,,1
1277431552771842048,2726301380,Directed,523,,1
1277431166958743552,260896678,Directed,524,,1
1277431166958743552,3333795579,Directed,525,,1
1277431166958743552,152462302,Directed,526,,1
1277430956266323968,128372940,Directed,527,,1
1277430956266323968,861707648584085504,Directed,528,,1
1277430836107894786,118783516,Directed,529,,1
1277430715358031874,1853394624998847017,Directed,530,,1
1277430715358031874,76049312,Directed,531,,1
1277429951638179840,72548342,Directed,532,,1
1277429951638179840,734186026000867328,Directed,533,,1
1277429951638179840,1158389772920020993,Directed,534,,1
1277429951638179840,128372940,Directed,535,,1
1277429951638179840,37717107,Directed,536,,1
1277428825656307718,1249115406759071746,Directed,537,,1
1277428825656307718,894281995689349120,Directed,538,,1
1277428431005908992,105761223,Directed,539,,1
1277428431005908992,14594698,Directed,540,,1
1277428431005908992,70799317,Directed,541,,1
1277427270743973890,18048666,Directed,542,,1
1277424132020408321,94451423,Directed,543,,1
1277423914738688003,1066144755493543936,Directed,544,,1
1277423396880625664,1247452199724167170,Directed,545,,1
1277423396880625664,56797143,Directed,546,,1
1277423396880625664,1193250183934627840,Directed,547,,1
1277423396880625664,126436384,Directed,548,,1
1277422891567546370,861707648584085504,Directed,549,,1
1277422891567546370,2753262374,Directed,550,,1
1277422891567546370,1309177799958245380,Directed,551,,1
1277422891567546370,49762925,Directed,552,,1
1277421252857257986,1126197830102790144,Directed,553,,1
1277421252857257986,68712576,Directed,554,,1
1277419373343453188,727130698021261313,Directed,555,,1
1277419373343453188,10228272,Directed,556,,1
1277418034710405128,1351863955833159681,Directed,557,,1
1277418034710405128,992063308139319296,Directed,558,,1
1277415700731174913,1066144755493543936,Directed,559,,1
1277415700731174913,128372940,Directed,560,,1
1277414873350184961,1258147227920412675,Directed,561,,1
1277412852777791488,938156366631489536,Directed,562,,1
1277412258314956800,1027715968225751048,Directed,563,,1
1277411371177648128,1126850172884013056,Directed,564,,1
1277411371177648128,1066144755493543936,Directed,565,,1
1277411371177648128,4802647035,Directed,566,,1
1277409585314357248,975127727501185025,Directed,567,,1
1277409585314357248,128372940,Directed,568,,1
1277409178890522624,727130698021261313,Directed,569,,1
1277409178890522624,1155129640048123906,Directed,570,,1
1277409178890522624,1169988078,Directed,571,,1
1277409178890522624,128372940,Directed,572,,1
1277409178890522624,254572400,Directed,573,,1
1277409178890522624,33520195,Directed,574,,1
1277409178890522624,5742554018421986227,Directed,575,,1
1277408761615974401,128372940,Directed,576,,1
1277408761615974401,303878282,Directed,577,,1
1277407680806768640,128372940,Directed,578,,1
1277404760778260482,1158389772920020993,Directed,579,,1
1277404760778260482,351840150,Directed,580,,1
1277404760778260482,128372940,Directed,581,,1
1277404760778260482,37717107,Directed,582,,1
1277403708557533185,381155186,Directed,583,,1
1277403708557533185,127868962,Directed,584,,1
1277403121908662272,10228272,Directed,585,,1
1277401585597980672,1267925527605755905,Directed,586,,1
1277401392752271360,748992510232391681,Directed,587,,1
1277401392752271360,999737559134728193,Directed,588,,1
1277401392752271360,3569772301262036169,Directed,589,,1
1277401392752271360,7167275009342270602,Directed,590,,1
1277401392752271360,133936058,Directed,591,,1
1277401392752271360,961699120011296768,Directed,592,,1
1277401392752271360,192538987,Directed,593,,1
1277401392752271360,96635234,Directed,594,,1
1277401392752271360,1168955445580615680,Directed,595,,1
1277401392752271360,476136118284207182,Directed,596,,1
1277401392752271360,183738109,Directed,597,,1
1277401392752271360,1355582028,Directed,598,,1
1277401392752271360,298777111,Directed,599,,1
1277401392752271360,1512100567,Directed,600,,1
1277401392752271360,63632175,Directed,601,,1
1277401392752271360,297001137,Directed,602,,1
1277401392752271360,6291398433725221718,Directed,603,,1
1277401392752271360,1262872968,Directed,604,,1
1277401392752271360,315963466,Directed,605,,1
1277401392752271360,369249116,Directed,606,,1
1277401392752271360,2848737897,Directed,607,,1
1277401392752271360,131533437,Directed,608,,1
1277401392752271360,3007950741144199310,Directed,609,,1
1277401392752271360,366517094,Directed,610,,1
1277401392752271360,110477961,Directed,611,,1
1277401392752271360,1549870093,Directed,612,,1
1277401392752271360,2072912567900661895,Directed,613,,1
1277400895647604738,1020798087449776128,Directed,614,,1
1277399660420837377,128372940,Directed,615,,1
1277399660420837377,861707648584085504,Directed,616,,1
1277399496536862721,40721032,Directed,617,,1
1277398417711472646,52722451,Directed,618,,1
1277398417711472646,4259543607,Directed,619,,1
1277398417711472646,259840707,Directed,620,,1
1277398417711472646,241061639,Directed,621,,1
1277395617560563723,158381919,Directed,622,,1
1277395309463842817,1020798087449776128,Directed,623,,1
1277391958672117760,727130698021261313,Directed,624,,1
1277391958672117760,10228272,Directed,625,,1
1277390706261340167,55648655,Directed,626,,1
1277390706261340167,350476403,Directed,627,,1
1277390176382341120,1220806092428652545,Directed,628,,1
1277389883678445569,14792961,Directed,629,,1
1277389852493910019,94451423,Directed,630,,1
1277388300504969227,10228272,Directed,631,,1
1277385238193287169,116519514,Directed,632,,1
1277384482186825728,242461059,Directed,633,,1
1277383952169345024,1080860522248056832,Directed,634,,1
1277383620714471424,1117482363615883264,Directed,635,,1
1277383620714471424,1189649395815501824,Directed,636,,1
1277383620714471424,732774741040320512,Directed,637,,1
1277382890880368645,2980524357,Directed,638,,1
1277382890880368645,902376945526165505,Directed,639,,1
1277382353833398273,82271629,Directed,640,,1
